<?xml version="1.0" encoding="utf-8" ?>
<Defs>

	<JoyGiverDef>
		<defName>TryHookup</defName>
		<giverClass>RationalRomance_Code.JoyGiver_CasualHookup</giverClass>
		<baseChance>5.0</baseChance>
		<jobDef>LeadHookup</jobDef>
		<joyKind>Lewd</joyKind>
	</JoyGiverDef>

	<JoyGiverDef>
		<defName>GoOnDate</defName>
		<giverClass>RationalRomance_Code.JoyGiver_Date</giverClass>
		<baseChance>2.8</baseChance>
		<jobDef>ProposeDate</jobDef>
		<joyKind>Social</joyKind>
	</JoyGiverDef>

	<JoyKindDef>
		<defName>Lewd</defName>
		<label>romantic fun</label>
		<needsThing>false</needsThing>
	</JoyKindDef>
  
</Defs>
